--
-- PostgreSQL database dump
--

-- Dumped from database version 16.9 (Ubuntu 16.9-0ubuntu0.24.04.1)
-- Dumped by pg_dump version 16.9 (Ubuntu 16.9-0ubuntu0.24.04.1)

SET statement_timeout = 0;
SET lock_timeout = 0;
SET idle_in_transaction_session_timeout = 0;
SET client_encoding = 'UTF8';
SET standard_conforming_strings = on;
SELECT pg_catalog.set_config('search_path', '', false);
SET check_function_bodies = false;
SET xmloption = content;
SET client_min_messages = warning;
SET row_security = off;

SET default_tablespace = '';

SET default_table_access_method = heap;

--
-- Name: auth_group; Type: TABLE; Schema: public; Owner: postgres
--

CREATE TABLE public.auth_group (
    id integer NOT NULL,
    name character varying(150) NOT NULL
);


ALTER TABLE public.auth_group OWNER TO postgres;

--
-- Name: auth_group_id_seq; Type: SEQUENCE; Schema: public; Owner: postgres
--

ALTER TABLE public.auth_group ALTER COLUMN id ADD GENERATED BY DEFAULT AS IDENTITY (
    SEQUENCE NAME public.auth_group_id_seq
    START WITH 1
    INCREMENT BY 1
    NO MINVALUE
    NO MAXVALUE
    CACHE 1
);


--
-- Name: auth_group_permissions; Type: TABLE; Schema: public; Owner: postgres
--

CREATE TABLE public.auth_group_permissions (
    id bigint NOT NULL,
    group_id integer NOT NULL,
    permission_id integer NOT NULL
);


ALTER TABLE public.auth_group_permissions OWNER TO postgres;

--
-- Name: auth_group_permissions_id_seq; Type: SEQUENCE; Schema: public; Owner: postgres
--

ALTER TABLE public.auth_group_permissions ALTER COLUMN id ADD GENERATED BY DEFAULT AS IDENTITY (
    SEQUENCE NAME public.auth_group_permissions_id_seq
    START WITH 1
    INCREMENT BY 1
    NO MINVALUE
    NO MAXVALUE
    CACHE 1
);


--
-- Name: auth_permission; Type: TABLE; Schema: public; Owner: postgres
--

CREATE TABLE public.auth_permission (
    id integer NOT NULL,
    name character varying(255) NOT NULL,
    content_type_id integer NOT NULL,
    codename character varying(100) NOT NULL
);


ALTER TABLE public.auth_permission OWNER TO postgres;

--
-- Name: auth_permission_id_seq; Type: SEQUENCE; Schema: public; Owner: postgres
--

ALTER TABLE public.auth_permission ALTER COLUMN id ADD GENERATED BY DEFAULT AS IDENTITY (
    SEQUENCE NAME public.auth_permission_id_seq
    START WITH 1
    INCREMENT BY 1
    NO MINVALUE
    NO MAXVALUE
    CACHE 1
);


--
-- Name: auth_user; Type: TABLE; Schema: public; Owner: postgres
--

CREATE TABLE public.auth_user (
    id integer NOT NULL,
    password character varying(128) NOT NULL,
    last_login timestamp with time zone,
    is_superuser boolean NOT NULL,
    username character varying(150) NOT NULL,
    first_name character varying(150) NOT NULL,
    last_name character varying(150) NOT NULL,
    email character varying(254) NOT NULL,
    is_staff boolean NOT NULL,
    is_active boolean NOT NULL,
    date_joined timestamp with time zone NOT NULL
);


ALTER TABLE public.auth_user OWNER TO postgres;

--
-- Name: auth_user_groups; Type: TABLE; Schema: public; Owner: postgres
--

CREATE TABLE public.auth_user_groups (
    id bigint NOT NULL,
    user_id integer NOT NULL,
    group_id integer NOT NULL
);


ALTER TABLE public.auth_user_groups OWNER TO postgres;

--
-- Name: auth_user_groups_id_seq; Type: SEQUENCE; Schema: public; Owner: postgres
--

ALTER TABLE public.auth_user_groups ALTER COLUMN id ADD GENERATED BY DEFAULT AS IDENTITY (
    SEQUENCE NAME public.auth_user_groups_id_seq
    START WITH 1
    INCREMENT BY 1
    NO MINVALUE
    NO MAXVALUE
    CACHE 1
);


--
-- Name: auth_user_id_seq; Type: SEQUENCE; Schema: public; Owner: postgres
--

ALTER TABLE public.auth_user ALTER COLUMN id ADD GENERATED BY DEFAULT AS IDENTITY (
    SEQUENCE NAME public.auth_user_id_seq
    START WITH 1
    INCREMENT BY 1
    NO MINVALUE
    NO MAXVALUE
    CACHE 1
);


--
-- Name: auth_user_user_permissions; Type: TABLE; Schema: public; Owner: postgres
--

CREATE TABLE public.auth_user_user_permissions (
    id bigint NOT NULL,
    user_id integer NOT NULL,
    permission_id integer NOT NULL
);


ALTER TABLE public.auth_user_user_permissions OWNER TO postgres;

--
-- Name: auth_user_user_permissions_id_seq; Type: SEQUENCE; Schema: public; Owner: postgres
--

ALTER TABLE public.auth_user_user_permissions ALTER COLUMN id ADD GENERATED BY DEFAULT AS IDENTITY (
    SEQUENCE NAME public.auth_user_user_permissions_id_seq
    START WITH 1
    INCREMENT BY 1
    NO MINVALUE
    NO MAXVALUE
    CACHE 1
);


--
-- Name: django_admin_log; Type: TABLE; Schema: public; Owner: postgres
--

CREATE TABLE public.django_admin_log (
    id integer NOT NULL,
    action_time timestamp with time zone NOT NULL,
    object_id text,
    object_repr character varying(200) NOT NULL,
    action_flag smallint NOT NULL,
    change_message text NOT NULL,
    content_type_id integer,
    user_id integer NOT NULL,
    CONSTRAINT django_admin_log_action_flag_check CHECK ((action_flag >= 0))
);


ALTER TABLE public.django_admin_log OWNER TO postgres;

--
-- Name: django_admin_log_id_seq; Type: SEQUENCE; Schema: public; Owner: postgres
--

ALTER TABLE public.django_admin_log ALTER COLUMN id ADD GENERATED BY DEFAULT AS IDENTITY (
    SEQUENCE NAME public.django_admin_log_id_seq
    START WITH 1
    INCREMENT BY 1
    NO MINVALUE
    NO MAXVALUE
    CACHE 1
);


--
-- Name: django_content_type; Type: TABLE; Schema: public; Owner: postgres
--

CREATE TABLE public.django_content_type (
    id integer NOT NULL,
    app_label character varying(100) NOT NULL,
    model character varying(100) NOT NULL
);


ALTER TABLE public.django_content_type OWNER TO postgres;

--
-- Name: django_content_type_id_seq; Type: SEQUENCE; Schema: public; Owner: postgres
--

ALTER TABLE public.django_content_type ALTER COLUMN id ADD GENERATED BY DEFAULT AS IDENTITY (
    SEQUENCE NAME public.django_content_type_id_seq
    START WITH 1
    INCREMENT BY 1
    NO MINVALUE
    NO MAXVALUE
    CACHE 1
);


--
-- Name: django_migrations; Type: TABLE; Schema: public; Owner: postgres
--

CREATE TABLE public.django_migrations (
    id bigint NOT NULL,
    app character varying(255) NOT NULL,
    name character varying(255) NOT NULL,
    applied timestamp with time zone NOT NULL
);


ALTER TABLE public.django_migrations OWNER TO postgres;

--
-- Name: django_migrations_id_seq; Type: SEQUENCE; Schema: public; Owner: postgres
--

ALTER TABLE public.django_migrations ALTER COLUMN id ADD GENERATED BY DEFAULT AS IDENTITY (
    SEQUENCE NAME public.django_migrations_id_seq
    START WITH 1
    INCREMENT BY 1
    NO MINVALUE
    NO MAXVALUE
    CACHE 1
);


--
-- Name: django_session; Type: TABLE; Schema: public; Owner: postgres
--

CREATE TABLE public.django_session (
    session_key character varying(40) NOT NULL,
    session_data text NOT NULL,
    expire_date timestamp with time zone NOT NULL
);


ALTER TABLE public.django_session OWNER TO postgres;

--
-- Name: website_department; Type: TABLE; Schema: public; Owner: postgres
--

CREATE TABLE public.website_department (
    id bigint NOT NULL,
    name character varying(100) NOT NULL,
    description text,
    image character varying(100),
    status character varying(10) NOT NULL,
    created_by_id integer,
    department_type character varying(30) NOT NULL
);


ALTER TABLE public.website_department OWNER TO postgres;

--
-- Name: website_department_id_seq; Type: SEQUENCE; Schema: public; Owner: postgres
--

ALTER TABLE public.website_department ALTER COLUMN id ADD GENERATED BY DEFAULT AS IDENTITY (
    SEQUENCE NAME public.website_department_id_seq
    START WITH 1
    INCREMENT BY 1
    NO MINVALUE
    NO MAXVALUE
    CACHE 1
);


--
-- Name: website_heroimage; Type: TABLE; Schema: public; Owner: postgres
--

CREATE TABLE public.website_heroimage (
    id bigint NOT NULL,
    title character varying(100),
    image character varying(100) NOT NULL,
    "order" integer NOT NULL,
    CONSTRAINT website_heroimage_order_check CHECK (("order" >= 0))
);


ALTER TABLE public.website_heroimage OWNER TO postgres;

--
-- Name: website_heroimage_id_seq; Type: SEQUENCE; Schema: public; Owner: postgres
--

ALTER TABLE public.website_heroimage ALTER COLUMN id ADD GENERATED BY DEFAULT AS IDENTITY (
    SEQUENCE NAME public.website_heroimage_id_seq
    START WITH 1
    INCREMENT BY 1
    NO MINVALUE
    NO MAXVALUE
    CACHE 1
);


--
-- Name: website_news; Type: TABLE; Schema: public; Owner: postgres
--

CREATE TABLE public.website_news (
    id bigint NOT NULL,
    title character varying(200) NOT NULL,
    slug character varying(200) NOT NULL,
    content text NOT NULL,
    image character varying(100),
    status character varying(10) NOT NULL,
    created timestamp with time zone NOT NULL,
    updated timestamp with time zone NOT NULL,
    published_date timestamp with time zone NOT NULL,
    author_id integer NOT NULL,
    video character varying(100)
);


ALTER TABLE public.website_news OWNER TO postgres;

--
-- Name: website_news_id_seq; Type: SEQUENCE; Schema: public; Owner: postgres
--

ALTER TABLE public.website_news ALTER COLUMN id ADD GENERATED BY DEFAULT AS IDENTITY (
    SEQUENCE NAME public.website_news_id_seq
    START WITH 1
    INCREMENT BY 1
    NO MINVALUE
    NO MAXVALUE
    CACHE 1
);


--
-- Name: website_statistic; Type: TABLE; Schema: public; Owner: postgres
--

CREATE TABLE public.website_statistic (
    id bigint NOT NULL,
    title character varying(50) NOT NULL,
    value integer NOT NULL,
    status character varying(10) NOT NULL,
    created_by_id integer,
    CONSTRAINT website_statistic_value_check CHECK ((value >= 0))
);


ALTER TABLE public.website_statistic OWNER TO postgres;

--
-- Name: website_statistic_id_seq; Type: SEQUENCE; Schema: public; Owner: postgres
--

ALTER TABLE public.website_statistic ALTER COLUMN id ADD GENERATED BY DEFAULT AS IDENTITY (
    SEQUENCE NAME public.website_statistic_id_seq
    START WITH 1
    INCREMENT BY 1
    NO MINVALUE
    NO MAXVALUE
    CACHE 1
);


--
-- Name: website_testimonial; Type: TABLE; Schema: public; Owner: postgres
--

CREATE TABLE public.website_testimonial (
    id bigint NOT NULL,
    name character varying(100) NOT NULL,
    "position" character varying(100),
    company character varying(100),
    message text NOT NULL,
    image character varying(100),
    status character varying(10) NOT NULL,
    created_at timestamp with time zone NOT NULL,
    created_by_id integer
);


ALTER TABLE public.website_testimonial OWNER TO postgres;

--
-- Name: website_testimonial_id_seq; Type: SEQUENCE; Schema: public; Owner: postgres
--

ALTER TABLE public.website_testimonial ALTER COLUMN id ADD GENERATED BY DEFAULT AS IDENTITY (
    SEQUENCE NAME public.website_testimonial_id_seq
    START WITH 1
    INCREMENT BY 1
    NO MINVALUE
    NO MAXVALUE
    CACHE 1
);


--
-- Name: website_tuitionfee; Type: TABLE; Schema: public; Owner: postgres
--

CREATE TABLE public.website_tuitionfee (
    id bigint NOT NULL,
    sector character varying(100) NOT NULL,
    occupation character varying(100) NOT NULL,
    fee numeric(10,2) NOT NULL,
    created_at timestamp with time zone NOT NULL
);


ALTER TABLE public.website_tuitionfee OWNER TO postgres;

--
-- Name: website_tuitionfee_id_seq; Type: SEQUENCE; Schema: public; Owner: postgres
--

ALTER TABLE public.website_tuitionfee ALTER COLUMN id ADD GENERATED BY DEFAULT AS IDENTITY (
    SEQUENCE NAME public.website_tuitionfee_id_seq
    START WITH 1
    INCREMENT BY 1
    NO MINVALUE
    NO MAXVALUE
    CACHE 1
);


--
-- Name: website_vacancy; Type: TABLE; Schema: public; Owner: postgres
--

CREATE TABLE public.website_vacancy (
    id bigint NOT NULL,
    title character varying(255) NOT NULL,
    description text NOT NULL,
    requirements text,
    published_date timestamp with time zone NOT NULL,
    application_deadline date,
    location character varying(255),
    attachment character varying(100),
    created_by_id integer,
    status character varying(10) NOT NULL
);


ALTER TABLE public.website_vacancy OWNER TO postgres;

--
-- Name: website_vacancy_id_seq; Type: SEQUENCE; Schema: public; Owner: postgres
--

ALTER TABLE public.website_vacancy ALTER COLUMN id ADD GENERATED BY DEFAULT AS IDENTITY (
    SEQUENCE NAME public.website_vacancy_id_seq
    START WITH 1
    INCREMENT BY 1
    NO MINVALUE
    NO MAXVALUE
    CACHE 1
);


--
-- Data for Name: auth_group; Type: TABLE DATA; Schema: public; Owner: postgres
--

COPY public.auth_group (id, name) FROM stdin;
\.


--
-- Data for Name: auth_group_permissions; Type: TABLE DATA; Schema: public; Owner: postgres
--

COPY public.auth_group_permissions (id, group_id, permission_id) FROM stdin;
\.


--
-- Data for Name: auth_permission; Type: TABLE DATA; Schema: public; Owner: postgres
--

COPY public.auth_permission (id, name, content_type_id, codename) FROM stdin;
1	Can add log entry	1	add_logentry
2	Can change log entry	1	change_logentry
3	Can delete log entry	1	delete_logentry
4	Can view log entry	1	view_logentry
5	Can add permission	2	add_permission
6	Can change permission	2	change_permission
7	Can delete permission	2	delete_permission
8	Can view permission	2	view_permission
9	Can add group	3	add_group
10	Can change group	3	change_group
11	Can delete group	3	delete_group
12	Can view group	3	view_group
13	Can add user	4	add_user
14	Can change user	4	change_user
15	Can delete user	4	delete_user
16	Can view user	4	view_user
17	Can add content type	5	add_contenttype
18	Can change content type	5	change_contenttype
19	Can delete content type	5	delete_contenttype
20	Can view content type	5	view_contenttype
21	Can add session	6	add_session
22	Can change session	6	change_session
23	Can delete session	6	delete_session
24	Can view session	6	view_session
25	Can add news	7	add_news
26	Can change news	7	change_news
27	Can delete news	7	delete_news
28	Can view news	7	view_news
29	Can add Department	8	add_department
30	Can change Department	8	change_department
31	Can delete Department	8	delete_department
32	Can view Department	8	view_department
33	Can add Statistic	9	add_statistic
34	Can change Statistic	9	change_statistic
35	Can delete Statistic	9	delete_statistic
36	Can view Statistic	9	view_statistic
37	Can add testimonial	10	add_testimonial
38	Can change testimonial	10	change_testimonial
39	Can delete testimonial	10	delete_testimonial
40	Can view testimonial	10	view_testimonial
41	Can add vacancy	11	add_vacancy
42	Can change vacancy	11	change_vacancy
43	Can delete vacancy	11	delete_vacancy
44	Can view vacancy	11	view_vacancy
45	Can add tuition fee	12	add_tuitionfee
46	Can change tuition fee	12	change_tuitionfee
47	Can delete tuition fee	12	delete_tuitionfee
48	Can view tuition fee	12	view_tuitionfee
49	Can add hero image	13	add_heroimage
50	Can change hero image	13	change_heroimage
51	Can delete hero image	13	delete_heroimage
52	Can view hero image	13	view_heroimage
\.


--
-- Data for Name: auth_user; Type: TABLE DATA; Schema: public; Owner: postgres
--

COPY public.auth_user (id, password, last_login, is_superuser, username, first_name, last_name, email, is_staff, is_active, date_joined) FROM stdin;
3	pbkdf2_sha256$870000$mJ1063nYlIxQbOELIJzYO9$NUEf/idNrYq9d+7ZFJdX4TwAK1RTgg5XBiEdLN9G8d0=	2025-09-13 21:31:08.426638+03	f	Birksaw	Birksaw	Ayalew	birksawayalew@gmail.com	t	t	2025-09-13 21:27:47+03
2	pbkdf2_sha256$870000$0srSSTx4a7cPFxcQvNfSlX$yvfwJoNPi5FISlJt8zl2viZD8xXu1hLBTWd4lG+vMIg=	2026-01-05 15:27:48.617146+03	f	abeba	Abeba	Wagaye	abeba@gmail.com	t	t	2025-08-27 20:05:07+03
1	pbkdf2_sha256$870000$RABJYllCvdeETtQObWo8BK$nvVm81qCdBF/tzE3P472n+sQvHBcTjZ2vYoBxXa3EJw=	2026-01-05 15:45:56.540048+03	t	habeshacode			yonathan@gmial.com	t	t	2025-08-27 20:02:26.197221+03
\.


--
-- Data for Name: auth_user_groups; Type: TABLE DATA; Schema: public; Owner: postgres
--

COPY public.auth_user_groups (id, user_id, group_id) FROM stdin;
\.


--
-- Data for Name: auth_user_user_permissions; Type: TABLE DATA; Schema: public; Owner: postgres
--

COPY public.auth_user_user_permissions (id, user_id, permission_id) FROM stdin;
1	2	1
2	2	4
3	2	6
5	2	12
7	2	17
8	2	18
9	2	19
10	2	20
13	2	24
14	2	25
15	2	32
16	2	33
17	2	34
18	2	35
19	2	36
20	2	37
21	2	38
22	2	39
23	2	40
24	2	26
25	2	27
26	2	28
27	2	29
28	2	30
29	2	31
30	2	41
31	2	42
32	2	43
33	2	44
34	3	25
35	3	26
36	3	27
37	3	28
38	3	29
39	3	30
40	3	31
41	3	32
42	3	33
43	3	34
44	3	35
45	3	36
46	3	37
47	3	38
48	3	39
49	3	40
50	3	41
51	3	42
52	3	43
53	3	44
54	3	45
55	3	46
56	3	47
57	3	48
\.


--
-- Data for Name: django_admin_log; Type: TABLE DATA; Schema: public; Owner: postgres
--

COPY public.django_admin_log (id, action_time, object_id, object_repr, action_flag, change_message, content_type_id, user_id) FROM stdin;
1	2025-08-27 20:05:08.343425+03	2	abeba	1	[{"added": {}}]	4	1
2	2025-08-27 20:08:33.801429+03	2	abeba	2	[{"changed": {"fields": ["First name", "Last name", "Email address", "Staff status", "User permissions"]}}]	4	1
3	2025-08-27 20:25:47.976881+03	1	Addis Ababa University's College of Health Sciences conducted its annual research day	1	[{"added": {}}]	7	1
4	2025-08-28 11:40:11.722611+03	2	abeba	2	[{"changed": {"fields": ["User permissions"]}}]	4	1
5	2025-08-28 12:12:31.420355+03	1	Addis Ababa University's College of Health Sciences conducted its annual research day	2	[{"changed": {"fields": ["Status"]}}]	7	1
6	2025-08-28 12:13:09.697692+03	1	Addis Ababa University's College of Health Sciences conducted its annual research day	2	[{"changed": {"fields": ["Image"]}}]	7	1
7	2025-08-28 12:19:20.073482+03	2	aaaaaaa	1	[{"added": {}}]	7	1
8	2025-08-28 22:26:22.816697+03	3	Liverpool and Man City draw Real in Champions League	1	[{"added": {}}]	7	1
9	2025-08-28 22:27:37.669971+03	3	Liverpool and Man City draw Real in Champions League	2	[{"changed": {"fields": ["Status"]}}]	7	1
10	2025-08-28 22:48:33.066144+03	4	Chelsea agree £40m fee for Man Utd's Garnacho	1	[{"added": {}}]	7	1
11	2025-08-29 09:20:41.859412+03	1	Web Development and Databse Admin stration	1	[{"added": {}}]	8	1
12	2025-08-29 09:21:36.524537+03	2	College of Natural and Computational Sciences	1	[{"added": {}}]	8	1
13	2025-08-29 09:21:56.164473+03	2	College of Natural and Computational Sciences	2	[]	8	1
14	2025-08-29 09:29:21.684307+03	3	Yonathan Misgan Mengie	1	[{"added": {}}]	8	1
15	2025-08-29 09:29:50.702436+03	4	deletestudentfromclass.php	1	[{"added": {}}]	8	1
16	2025-08-29 10:00:29.29088+03	4	deletestudentfromclass.php	2	[{"changed": {"fields": ["Status"]}}]	8	1
17	2025-08-29 10:00:37.474844+03	3	Yonathan Misgan Mengie	2	[{"changed": {"fields": ["Status"]}}]	8	1
18	2025-08-29 10:00:47.008654+03	2	College of Natural and Computational Sciences	2	[{"changed": {"fields": ["Status"]}}]	8	1
19	2025-08-29 10:00:52.400974+03	1	Web Development and Databse Admin stration	2	[{"changed": {"fields": ["Status"]}}]	8	1
20	2025-08-29 10:18:43.967333+03	1	dddddddd	1	[{"added": {}}]	9	1
21	2025-08-29 10:20:59.762912+03	1	dddddddd ddd	2	[{"changed": {"fields": ["Title"]}}]	9	1
22	2025-08-29 11:00:06.119827+03	1	Yonathan Misgan Mengie	1	[{"added": {}}]	10	1
23	2025-08-29 11:00:54.537628+03	2	College of Natural and Computational Sciences	1	[{"added": {}}]	10	1
24	2025-08-29 11:03:53.112357+03	3	Yonathan Misgan Mengie	1	[{"added": {}}]	10	1
25	2025-08-29 11:04:08.421237+03	4	deletestudentfromclass.php	1	[{"added": {}}]	10	1
26	2025-08-29 11:43:30.281961+03	2	abeba	2	[{"changed": {"fields": ["User permissions"]}}]	4	1
27	2025-08-29 12:00:23.119139+03	5	deletestudentfromclass.php	1	[{"added": {}}]	10	2
28	2025-08-29 12:09:47.931303+03	5	University Graduates Over 6,000 Students in a Momentous Ceremony	1	[{"added": {}}]	7	2
29	2025-08-29 23:24:50.620779+03	1	Call for competition Announcement for Admin Staff	1	[{"added": {}}]	11	1
30	2025-08-29 23:25:01.609546+03	1	Call for competition Announcement for Admin Staff	2	[{"changed": {"fields": ["Status"]}}]	11	1
31	2025-08-29 23:31:33.243231+03	2	Expat Captain A350	1	[{"added": {}}]	11	1
32	2025-08-29 23:31:58.079184+03	2	Expat Captain A350	2	[{"changed": {"fields": ["Status"]}}]	11	1
33	2025-08-29 23:35:02.893048+03	3	<div class="row gy-4">	1	[{"added": {}}]	11	1
34	2025-08-29 23:35:47.570543+03	4	<div class="row gy-4">   {% for vacancy in page_obj %}   <div class="col-lg-4">     <h5>       <a href="{% url 'vacancy_detail' vacancy.id %}" style="font-weight: bold; color: black;">         {{ vaca	1	[{"added": {}}]	11	1
35	2025-09-09 10:12:16.093104+03	6	<script>alert('XSS')</script>	1	[{"added": {}}]	7	1
36	2025-09-09 10:50:58.869884+03	5	College of Natural and Computational Sciences	1	[{"added": {}}]	8	1
37	2025-09-09 10:51:29.61615+03	5	College of Natural and Computational Sciences	2	[{"changed": {"fields": ["Status"]}}]	8	1
38	2025-09-09 11:32:15.768955+03	2	abeba	2	[{"changed": {"fields": ["User permissions"]}}]	4	1
39	2025-09-09 11:37:49.290741+03	2	abeba	2	[{"changed": {"fields": ["User permissions"]}}]	4	1
40	2025-09-13 20:01:47.069716+03	1	ICT - Data and Web Devlopment : 300	1	[{"added": {}}]	12	1
41	2025-09-13 20:18:27.617986+03	2	ICT - Hardware and Networking : 345	1	[{"added": {}}]	12	1
42	2025-09-13 21:27:48.629399+03	3	Birksaw	1	[{"added": {}}]	4	1
43	2025-09-13 21:30:20.375451+03	3	Birksaw	2	[{"changed": {"fields": ["First name", "Last name", "Email address", "Staff status", "User permissions", "Last login"]}}]	4	1
44	2025-10-31 09:28:42.716834+03	2	Trainee	1	[{"added": {}}]	9	2
45	2025-10-31 09:47:34.977794+03	5	College of Natural and Computational Sciences	3		8	2
46	2025-10-31 09:47:34.977946+03	4	deletestudentfromclass.php	3		8	2
47	2025-10-31 09:47:34.978029+03	3	Yonathan Misgan Mengie	3		8	2
48	2025-10-31 09:47:34.978094+03	2	College of Natural and Computational Sciences	3		8	2
49	2025-10-31 09:47:34.978152+03	1	Web Development and Databse Admin stration	3		8	2
50	2025-10-31 09:48:33.677735+03	6	Web Development and Databse Admin stration	1	[{"added": {}}]	8	2
51	2025-10-31 09:49:42.55182+03	1	Addis Ababa University's College of Health Sciences conducted its annual research day	3		7	2
52	2025-10-31 09:49:42.551982+03	2	aaaaaaa	3		7	2
53	2025-10-31 09:49:42.55207+03	3	Liverpool and Man City draw Real in Champions League	3		7	2
54	2025-10-31 09:49:42.552148+03	4	Chelsea agree £40m fee for Man Utd's Garnacho	3		7	2
55	2025-10-31 09:49:42.552214+03	5	University Graduates Over 6,000 Students in a Momentous Ceremony	3		7	2
56	2025-10-31 09:49:42.55228+03	6	<script>alert('XSS')</script>	3		7	2
57	2025-10-31 09:55:01.305853+03	7	AAU, EMA Launch Media Excellence Center to Boost Nation’s Journalism Standards	1	[{"added": {}}]	7	2
58	2025-10-31 09:55:57.89424+03	2	Trainee	3		9	2
59	2025-10-31 09:55:57.894423+03	1	dddddddd ddd	3		9	2
60	2025-10-31 09:56:25.415306+03	3	Short Term Training	1	[{"added": {}}]	9	2
61	2025-10-31 09:57:48.936574+03	4	<div class="row gy-4">   {% for vacancy in page_obj %}   <div class="col-lg-4">     <h5>       <a href="{% url 'vacancy_detail' vacancy.id %}" style="font-weight: bold; color: black;">         {{ vaca	3		11	2
62	2025-10-31 09:57:48.936782+03	3	<div class="row gy-4">	3		11	2
63	2025-10-31 09:57:48.936914+03	2	Expat Captain A350	3		11	2
64	2025-10-31 09:57:48.937033+03	1	Call for competition Announcement for Admin Staff	3		11	2
65	2025-10-31 09:59:41.665399+03	5	database Admin	1	[{"added": {}}]	11	2
66	2025-10-31 10:00:11.917139+03	5	database Admin	2	[{"changed": {"fields": ["Status"]}}]	11	2
67	2025-10-31 10:21:14.765978+03	5	deletestudentfromclass.php	3		10	2
68	2025-10-31 10:21:14.766125+03	4	deletestudentfromclass.php	3		10	2
69	2025-10-31 10:21:14.766211+03	3	Yonathan Misgan Mengie	3		10	2
70	2025-10-31 10:21:14.766281+03	2	College of Natural and Computational Sciences	3		10	2
71	2025-10-31 10:21:14.766351+03	1	Yonathan Misgan Mengie	3		10	2
72	2025-10-31 10:21:55.795598+03	6	Web Development and Databse Admin stration	3		8	2
73	2025-10-31 10:22:10.037054+03	7	AAU, EMA Launch Media Excellence Center to Boost Nation’s Journalism Standards	3		7	2
74	2025-10-31 10:22:20.49967+03	3	Short Term Training	3		9	2
75	2025-10-31 10:22:34.718232+03	5	database Admin	3		11	2
76	2025-11-21 07:07:39.949718+03	8	Best display of season' but Chelsea rue missed opportunity	1	[{"added": {}}]	7	2
77	2025-11-21 07:07:55.881461+03	8	Best display of season' but Chelsea rue missed opportunity	2	[{"changed": {"fields": ["Status"]}}]	7	2
78	2025-11-21 07:09:06.044032+03	8	Best display of season' but Chelsea rue missed opportunity	3		7	2
79	2025-11-21 07:09:40.946188+03	4	Trainee	1	[{"added": {}}]	9	2
80	2025-11-21 07:10:59.980346+03	7	Web Development and Databse Admin stration	1	[{"added": {}}]	8	2
81	2025-11-21 07:11:37.994725+03	7	Web Development and Databse Admin stration	3		8	2
82	2025-11-21 07:12:39.35634+03	6	Birksaw Ayalew	1	[{"added": {}}]	10	2
83	2025-11-21 07:13:26.747434+03	6	Birksaw Ayalew	3		10	2
84	2025-11-21 07:14:31.953643+03	6	Secretary	1	[{"added": {}}]	11	2
85	2025-11-21 07:16:11.645372+03	6	Secretary	3		11	2
86	2025-11-21 07:30:32.439898+03	9	mastawoqiya	1	[{"added": {}}]	7	2
87	2025-11-21 07:32:06.831274+03	9	mastawoqiya	3		7	2
88	2025-11-21 07:32:49.689326+03	4	Trainee	3		9	2
89	2025-11-21 07:33:15.326073+03	5	short term trainng	1	[{"added": {}}]	9	2
90	2025-11-21 07:33:40.885314+03	5	short term trainng	3		9	2
91	2025-11-21 07:37:20.403976+03	7	secratary	1	[{"added": {}}]	11	2
92	2025-11-21 07:37:46.012062+03	7	secratary	3		11	2
93	2025-11-21 14:45:59.55795+03	8	web and database ad	1	[{"added": {}}]	8	2
94	2025-11-21 14:47:17.599426+03	8	web and database ad	3		8	2
95	2025-11-21 14:49:28.350762+03	10	yeselgn mizgab	1	[{"added": {}}]	7	2
96	2025-11-21 14:51:08.862865+03	10	yeselgn mizgab	3		7	2
97	2025-11-21 14:52:05.384873+03	6	short term traning	1	[{"added": {}}]	9	2
98	2025-11-21 14:52:51.343764+03	7	po shter	1	[{"added": {}}]	9	2
99	2025-11-21 14:54:24.700723+03	7	walta	1	[{"added": {}}]	10	2
100	2025-11-21 14:57:11.611567+03	8	secvtrary	1	[{"added": {}}]	11	2
101	2025-11-21 14:59:51.836139+03	8	manfact sht	1	[{"added": {}}]	9	2
102	2025-11-21 15:35:44.024688+03	9	no studen 2in web dep 018	1	[{"added": {}}]	9	2
103	2025-11-21 15:36:55.454566+03	10	no of short term traning	1	[{"added": {}}]	9	2
104	2026-01-05 11:16:35.067549+03	9	Yonathan Misgan Mengie	1	[{"added": {}}]	8	2
105	2026-01-05 11:23:00.106709+03	10	deletestudentfromclass.php	1	[{"added": {}}]	8	2
106	2026-01-05 13:58:12.253431+03	1	Hero Image 1	1	[{"added": {}}]	13	1
107	2026-01-05 13:58:25.635594+03	2	dd	1	[{"added": {}}]	13	1
108	2026-01-05 13:59:01.295877+03	2	dd	3		13	1
109	2026-01-05 13:59:21.047587+03	3	Hero Image 3	1	[{"added": {}}]	13	1
110	2026-01-05 13:59:41.228867+03	4	Hero Image 4	1	[{"added": {}}]	13	1
111	2026-01-05 14:00:33.973821+03	5	Hero Image 5	1	[{"added": {}}]	13	1
112	2026-01-05 14:00:49.255316+03	6	Hero Image 6	1	[{"added": {}}]	13	1
113	2026-01-05 14:08:04.400203+03	7	Hero Image 7	1	[{"added": {}}]	13	1
114	2026-01-05 14:08:22.601955+03	8	Hero Image 8	1	[{"added": {}}]	13	1
115	2026-01-05 14:13:21.869953+03	9	Hero Image 9	1	[{"added": {}}]	13	1
116	2026-01-05 14:26:57.503578+03	10	Hero Image 10	1	[{"added": {}}]	13	1
117	2026-01-05 14:44:17.25226+03	11	fffffff	1	[{"added": {}}]	13	1
118	2026-01-05 15:02:41.980141+03	10	Hero Image 10	3		13	1
119	2026-01-05 15:02:41.980202+03	7	Hero Image 7	3		13	1
120	2026-01-05 15:02:41.980237+03	5	Hero Image 5	3		13	1
121	2026-01-05 15:02:41.980265+03	3	Hero Image 3	3		13	1
122	2026-01-05 15:02:41.980289+03	11	fffffff	3		13	1
123	2026-01-05 15:02:41.980313+03	9	Hero Image 9	3		13	1
124	2026-01-05 15:02:41.980337+03	8	Hero Image 8	3		13	1
125	2026-01-05 15:02:41.980359+03	6	Hero Image 6	3		13	1
126	2026-01-05 15:02:41.980381+03	4	Hero Image 4	3		13	1
127	2026-01-05 15:02:41.980417+03	1	Hero Image 1	3		13	1
128	2026-01-05 15:03:33.37097+03	12	slide1	1	[{"added": {}}]	13	1
129	2026-01-05 15:03:41.422482+03	13	Hero Image 13	1	[{"added": {}}]	13	1
130	2026-01-05 15:03:47.505504+03	14	Hero Image 14	1	[{"added": {}}]	13	1
131	2026-01-05 15:06:32.353167+03	15	slide4	1	[{"added": {}}]	13	1
132	2026-01-05 15:06:41.31735+03	16	slide5	1	[{"added": {}}]	13	1
133	2026-01-05 15:06:51.477523+03	17	slide6	1	[{"added": {}}]	13	1
134	2026-01-05 15:07:01.288946+03	18	slide7	1	[{"added": {}}]	13	1
135	2026-01-05 15:07:17.541345+03	19	slide8	1	[{"added": {}}]	13	1
136	2026-01-05 15:07:26.992314+03	20	slide9	1	[{"added": {}}]	13	1
137	2026-01-05 15:46:16.482012+03	13	Hero Image 13	3		13	1
\.


--
-- Data for Name: django_content_type; Type: TABLE DATA; Schema: public; Owner: postgres
--

COPY public.django_content_type (id, app_label, model) FROM stdin;
1	admin	logentry
2	auth	permission
3	auth	group
4	auth	user
5	contenttypes	contenttype
6	sessions	session
7	website	news
8	website	department
9	website	statistic
10	website	testimonial
11	website	vacancy
12	website	tuitionfee
13	website	heroimage
\.


--
-- Data for Name: django_migrations; Type: TABLE DATA; Schema: public; Owner: postgres
--

COPY public.django_migrations (id, app, name, applied) FROM stdin;
1	contenttypes	0001_initial	2025-08-27 20:01:15.406794+03
2	auth	0001_initial	2025-08-27 20:01:16.821767+03
3	admin	0001_initial	2025-08-27 20:01:17.29112+03
4	admin	0002_logentry_remove_auto_add	2025-08-27 20:01:17.354457+03
5	admin	0003_logentry_add_action_flag_choices	2025-08-27 20:01:17.406276+03
6	contenttypes	0002_remove_content_type_name	2025-08-27 20:01:17.538673+03
7	auth	0002_alter_permission_name_max_length	2025-08-27 20:01:17.614446+03
8	auth	0003_alter_user_email_max_length	2025-08-27 20:01:17.671093+03
9	auth	0004_alter_user_username_opts	2025-08-27 20:01:17.726838+03
10	auth	0005_alter_user_last_login_null	2025-08-27 20:01:17.786628+03
11	auth	0006_require_contenttypes_0002	2025-08-27 20:01:17.819633+03
12	auth	0007_alter_validators_add_error_messages	2025-08-27 20:01:17.885888+03
13	auth	0008_alter_user_username_max_length	2025-08-27 20:01:18.007172+03
14	auth	0009_alter_user_last_name_max_length	2025-08-27 20:01:18.076895+03
15	auth	0010_alter_group_name_max_length	2025-08-27 20:01:18.146808+03
16	auth	0011_update_proxy_permissions	2025-08-27 20:01:18.201815+03
17	auth	0012_alter_user_first_name_max_length	2025-08-27 20:01:18.256026+03
18	sessions	0001_initial	2025-08-27 20:01:18.540235+03
19	website	0001_initial	2025-08-27 20:18:28.502743+03
20	website	0002_alter_news_image	2025-08-28 13:26:10.446424+03
21	website	0003_news_video	2025-08-28 22:47:39.130121+03
22	website	0004_department	2025-08-29 09:17:41.288945+03
23	website	0005_department_status	2025-08-29 09:28:47.588267+03
24	website	0006_alter_department_status	2025-08-29 10:00:04.164298+03
25	website	0007_statistic	2025-08-29 10:08:54.806653+03
26	website	0008_remove_statistic_is_active_statistic_status	2025-08-29 10:14:49.5677+03
27	website	0009_testimonial	2025-08-29 10:58:28.145534+03
28	website	0010_testimonial_created_by	2025-08-29 11:53:35.855903+03
29	website	0011_department_created_by_statistic_created_by	2025-08-29 12:08:41.238587+03
30	website	0012_vacancy	2025-08-29 23:14:26.973506+03
31	website	0013_remove_vacancy_active_vacancy_created_by_and_more	2025-08-29 23:24:42.608293+03
32	website	0014_tuitionfee	2025-09-13 20:00:16.942918+03
33	website	0015_department_department_type	2026-01-05 10:59:15.016337+03
34	website	0016_heroimage	2026-01-05 13:50:15.63896+03
\.


--
-- Data for Name: django_session; Type: TABLE DATA; Schema: public; Owner: postgres
--

COPY public.django_session (session_key, session_data, expire_date) FROM stdin;
hjc6y0jz9z02bbsl7uy29v3j4hcyjzu2	.eJxVjEEOwiAQRe_C2hCBQAeX7j0DmRkGqRqalHZlvLsh6UK3_7333yrhvtW0d1nTnNVFGXX63Qj5KW2A_MB2XzQvbVtn0kPRB-36tmR5XQ_376Bir6MmhyUIuGwKANHkiJ1MZNl4A2gLi_hI3nCx54A5RwYjIBERgrOoPl8XGDki:1us5VH:EUGWsWnCnerR69vVUO9psZmn0mGta-FFukDsBmsCIEA	2025-09-12 23:15:19.887092+03
0by0pha5mr8rya068g6x2nrsu3gdc0pg	.eJxVjEEOwiAQRe_C2hCBQAeX7j0DmRkGqRqalHZlvLsh6UK3_7333yrhvtW0d1nTnNVFGXX63Qj5KW2A_MB2XzQvbVtn0kPRB-36tmR5XQ_376Bir6MmhyUIuGwKANHkiJ1MZNl4A2gLi_hI3nCx54A5RwYjIBERgrOoPl8XGDki:1uvtkm:ZWbnfOeezs1x6PZN8yS2bdqY0aWV1cCuB700F3DfF5A	2025-09-23 11:31:04.777677+03
ioe6z33ofikbcx1g5ttuamvbpwyg0869	.eJxVjEEOwiAQRe_C2hCBQAeX7j0DmRkGqRqalHZlvLsh6UK3_7333yrhvtW0d1nTnNVFGXX63Qj5KW2A_MB2XzQvbVtn0kPRB-36tmR5XQ_376Bir6MmhyUIuGwKANHkiJ1MZNl4A2gLi_hI3nCx54A5RwYjIBERgrOoPl8XGDki:1uvtnk:Yfh-lPSFkOBhnA1JxYdCXc3wPIgUq6icasTa5K-UPpE	2025-09-23 11:34:08.398749+03
aa87lu8pfbvmo9tpc2r0uw3ys3xaqfos	.eJxVjEEOwiAQRe_C2hCBQAeX7j0DmRkGqRqalHZlvLsh6UK3_7333yrhvtW0d1nTnNVFGXX63Qj5KW2A_MB2XzQvbVtn0kPRB-36tmR5XQ_376Bir6MmhyUIuGwKANHkiJ1MZNl4A2gLi_hI3nCx54A5RwYjIBERgrOoPl8XGDki:1uvtp9:znO_eE7JhkIQIOejipty9Khtk7mm6AKkY_KK1ii326c	2025-09-23 11:35:35.583372+03
raak1cchyunej69zodgn5kvhlky5s6l7	.eJxVjEEOwiAQAP_C2RCEBVKP3n0DWVhWqgaS0p4a_64kPeh1ZjK7CLitJWw9L2EmcRFanH5ZxPTMdQh6YL03mVpdlznKkcjDdnlrlF_Xo_0bFOxlbHUiO0UGZdXZcFaeXPIMBKDBYbZkMiJHbRDYf6WbyHuOHkG7hEm8P-55OJE:1uvtrQ:O7TDBvzXpQF69ci64p1VG3cmHATGSyKK8WnGUU24nag	2025-09-23 11:37:56.121443+03
y6aerm7yltzn7kqfa4s5l22qwltgvh8g	.eJxVjEEOwiAQRe_C2hCBQAeX7j0DmRkGqRqalHZlvLsh6UK3_7333yrhvtW0d1nTnNVFGXX63Qj5KW2A_MB2XzQvbVtn0kPRB-36tmR5XQ_376Bir6MmhyUIuGwKANHkiJ1MZNl4A2gLi_hI3nCx54A5RwYjIBERgrOoPl8XGDki:1uxV6N:qsevU6Ba2BWq7foISLrOkvzh43BmQ1vqPHEKvRqtUiU	2025-09-27 21:35:59.394776+03
mx0drst1blmkv8e4gd5fj03wwoo4abdo	.eJxVjEEOwiAQAP_C2RCEBVKP3n0DWVhWqgaS0p4a_64kPeh1ZjK7CLitJWw9L2EmcRFanH5ZxPTMdQh6YL03mVpdlznKkcjDdnlrlF_Xo_0bFOxlbHUiO0UGZdXZcFaeXPIMBKDBYbZkMiJHbRDYf6WbyHuOHkG7hEm8P-55OJE:1vEiui:ynzM7PJK37HNOirUeobYUq586Sx3qETj_hEktFtXDEc	2025-11-14 09:47:08.870312+03
jcigg8x83g9si4xe0mmcsq1rcklcwjlt	.eJxVjEEOwiAQAP_C2RCEBVKP3n0DWVhWqgaS0p4a_64kPeh1ZjK7CLitJWw9L2EmcRFanH5ZxPTMdQh6YL03mVpdlznKkcjDdnlrlF_Xo_0bFOxlbHUiO0UGZdXZcFaeXPIMBKDBYbZkMiJHbRDYf6WbyHuOHkG7hEm8P-55OJE:1vMINz:X91AruFtT6KzXXrSWBcS7zTpHvdlb6hIgwJ3weAdxYk	2025-12-05 07:04:39.718259+03
\.


--
-- Data for Name: website_department; Type: TABLE DATA; Schema: public; Owner: postgres
--

COPY public.website_department (id, name, description, image, status, created_by_id, department_type) FROM stdin;
9	Yonathan Misgan Mengie	fffffffffff		published	2	outcome_based
10	deletestudentfromclass.php	ddddddddddddd		published	2	industry_extension
\.


--
-- Data for Name: website_heroimage; Type: TABLE DATA; Schema: public; Owner: postgres
--

COPY public.website_heroimage (id, title, image, "order") FROM stdin;
12	slide1	hero_images/slide1.jpg	1
14	\N	hero_images/slide3.jpg	1
15	slide4	hero_images/slide4.jpg	1
16	slide5	hero_images/slide5.jpg	0
17	slide6	hero_images/slide6.jpg	1
18	slide7	hero_images/slide7.jpg	1
19	slide8	hero_images/slide8.jpg	1
20	slide9	hero_images/slide9.jpg	1
\.


--
-- Data for Name: website_news; Type: TABLE DATA; Schema: public; Owner: postgres
--

COPY public.website_news (id, title, slug, content, image, status, created, updated, published_date, author_id, video) FROM stdin;
\.


--
-- Data for Name: website_statistic; Type: TABLE DATA; Schema: public; Owner: postgres
--

COPY public.website_statistic (id, title, value, status, created_by_id) FROM stdin;
6	short term traning	3000	published	2
7	po shter	2500	published	2
8	manfact sht	500	published	2
9	no studen 2in web dep 018	400	published	2
10	no of short term traning	5600	published	2
\.


--
-- Data for Name: website_testimonial; Type: TABLE DATA; Schema: public; Owner: postgres
--

COPY public.website_testimonial (id, name, "position", company, message, image, status, created_at, created_by_id) FROM stdin;
7	walta	CEO	Warka Soloutions	wejds,fhksdj sdkjf sjdbfh sdjfbh sjdfbh sjhebf	testimonials/screenshoot3_N5yjmh0.png	published	2025-11-21 14:54:24.69626+03	2
\.


--
-- Data for Name: website_tuitionfee; Type: TABLE DATA; Schema: public; Owner: postgres
--

COPY public.website_tuitionfee (id, sector, occupation, fee, created_at) FROM stdin;
1	ICT	Data and Web Devlopment	300.00	2025-09-13 20:01:47.0099+03
2	ICT	Hardware and Networking	345.00	2025-09-13 20:18:27.614263+03
\.


--
-- Data for Name: website_vacancy; Type: TABLE DATA; Schema: public; Owner: postgres
--

COPY public.website_vacancy (id, title, description, requirements, published_date, application_deadline, location, attachment, created_by_id, status) FROM stdin;
8	secvtrary	erwerkjghjrgwej wkejhgkwerhwe wejhfgjwhef jwhefgwjehf	ttttttttttttt	2025-11-21 14:55:53+03	2025-11-30	dtptc		2	published
\.


--
-- Name: auth_group_id_seq; Type: SEQUENCE SET; Schema: public; Owner: postgres
--

SELECT pg_catalog.setval('public.auth_group_id_seq', 1, false);


--
-- Name: auth_group_permissions_id_seq; Type: SEQUENCE SET; Schema: public; Owner: postgres
--

SELECT pg_catalog.setval('public.auth_group_permissions_id_seq', 1, false);


--
-- Name: auth_permission_id_seq; Type: SEQUENCE SET; Schema: public; Owner: postgres
--

SELECT pg_catalog.setval('public.auth_permission_id_seq', 52, true);


--
-- Name: auth_user_groups_id_seq; Type: SEQUENCE SET; Schema: public; Owner: postgres
--

SELECT pg_catalog.setval('public.auth_user_groups_id_seq', 1, false);


--
-- Name: auth_user_id_seq; Type: SEQUENCE SET; Schema: public; Owner: postgres
--

SELECT pg_catalog.setval('public.auth_user_id_seq', 3, true);


--
-- Name: auth_user_user_permissions_id_seq; Type: SEQUENCE SET; Schema: public; Owner: postgres
--

SELECT pg_catalog.setval('public.auth_user_user_permissions_id_seq', 57, true);


--
-- Name: django_admin_log_id_seq; Type: SEQUENCE SET; Schema: public; Owner: postgres
--

SELECT pg_catalog.setval('public.django_admin_log_id_seq', 137, true);


--
-- Name: django_content_type_id_seq; Type: SEQUENCE SET; Schema: public; Owner: postgres
--

SELECT pg_catalog.setval('public.django_content_type_id_seq', 13, true);


--
-- Name: django_migrations_id_seq; Type: SEQUENCE SET; Schema: public; Owner: postgres
--

SELECT pg_catalog.setval('public.django_migrations_id_seq', 34, true);


--
-- Name: website_department_id_seq; Type: SEQUENCE SET; Schema: public; Owner: postgres
--

SELECT pg_catalog.setval('public.website_department_id_seq', 10, true);


--
-- Name: website_heroimage_id_seq; Type: SEQUENCE SET; Schema: public; Owner: postgres
--

SELECT pg_catalog.setval('public.website_heroimage_id_seq', 20, true);


--
-- Name: website_news_id_seq; Type: SEQUENCE SET; Schema: public; Owner: postgres
--

SELECT pg_catalog.setval('public.website_news_id_seq', 10, true);


--
-- Name: website_statistic_id_seq; Type: SEQUENCE SET; Schema: public; Owner: postgres
--

SELECT pg_catalog.setval('public.website_statistic_id_seq', 10, true);


--
-- Name: website_testimonial_id_seq; Type: SEQUENCE SET; Schema: public; Owner: postgres
--

SELECT pg_catalog.setval('public.website_testimonial_id_seq', 7, true);


--
-- Name: website_tuitionfee_id_seq; Type: SEQUENCE SET; Schema: public; Owner: postgres
--

SELECT pg_catalog.setval('public.website_tuitionfee_id_seq', 2, true);


--
-- Name: website_vacancy_id_seq; Type: SEQUENCE SET; Schema: public; Owner: postgres
--

SELECT pg_catalog.setval('public.website_vacancy_id_seq', 8, true);


--
-- Name: auth_group auth_group_name_key; Type: CONSTRAINT; Schema: public; Owner: postgres
--

ALTER TABLE ONLY public.auth_group
    ADD CONSTRAINT auth_group_name_key UNIQUE (name);


--
-- Name: auth_group_permissions auth_group_permissions_group_id_permission_id_0cd325b0_uniq; Type: CONSTRAINT; Schema: public; Owner: postgres
--

ALTER TABLE ONLY public.auth_group_permissions
    ADD CONSTRAINT auth_group_permissions_group_id_permission_id_0cd325b0_uniq UNIQUE (group_id, permission_id);


--
-- Name: auth_group_permissions auth_group_permissions_pkey; Type: CONSTRAINT; Schema: public; Owner: postgres
--

ALTER TABLE ONLY public.auth_group_permissions
    ADD CONSTRAINT auth_group_permissions_pkey PRIMARY KEY (id);


--
-- Name: auth_group auth_group_pkey; Type: CONSTRAINT; Schema: public; Owner: postgres
--

ALTER TABLE ONLY public.auth_group
    ADD CONSTRAINT auth_group_pkey PRIMARY KEY (id);


--
-- Name: auth_permission auth_permission_content_type_id_codename_01ab375a_uniq; Type: CONSTRAINT; Schema: public; Owner: postgres
--

ALTER TABLE ONLY public.auth_permission
    ADD CONSTRAINT auth_permission_content_type_id_codename_01ab375a_uniq UNIQUE (content_type_id, codename);


--
-- Name: auth_permission auth_permission_pkey; Type: CONSTRAINT; Schema: public; Owner: postgres
--

ALTER TABLE ONLY public.auth_permission
    ADD CONSTRAINT auth_permission_pkey PRIMARY KEY (id);


--
-- Name: auth_user_groups auth_user_groups_pkey; Type: CONSTRAINT; Schema: public; Owner: postgres
--

ALTER TABLE ONLY public.auth_user_groups
    ADD CONSTRAINT auth_user_groups_pkey PRIMARY KEY (id);


--
-- Name: auth_user_groups auth_user_groups_user_id_group_id_94350c0c_uniq; Type: CONSTRAINT; Schema: public; Owner: postgres
--

ALTER TABLE ONLY public.auth_user_groups
    ADD CONSTRAINT auth_user_groups_user_id_group_id_94350c0c_uniq UNIQUE (user_id, group_id);


--
-- Name: auth_user auth_user_pkey; Type: CONSTRAINT; Schema: public; Owner: postgres
--

ALTER TABLE ONLY public.auth_user
    ADD CONSTRAINT auth_user_pkey PRIMARY KEY (id);


--
-- Name: auth_user_user_permissions auth_user_user_permissions_pkey; Type: CONSTRAINT; Schema: public; Owner: postgres
--

ALTER TABLE ONLY public.auth_user_user_permissions
    ADD CONSTRAINT auth_user_user_permissions_pkey PRIMARY KEY (id);


--
-- Name: auth_user_user_permissions auth_user_user_permissions_user_id_permission_id_14a6b632_uniq; Type: CONSTRAINT; Schema: public; Owner: postgres
--

ALTER TABLE ONLY public.auth_user_user_permissions
    ADD CONSTRAINT auth_user_user_permissions_user_id_permission_id_14a6b632_uniq UNIQUE (user_id, permission_id);


--
-- Name: auth_user auth_user_username_key; Type: CONSTRAINT; Schema: public; Owner: postgres
--

ALTER TABLE ONLY public.auth_user
    ADD CONSTRAINT auth_user_username_key UNIQUE (username);


--
-- Name: django_admin_log django_admin_log_pkey; Type: CONSTRAINT; Schema: public; Owner: postgres
--

ALTER TABLE ONLY public.django_admin_log
    ADD CONSTRAINT django_admin_log_pkey PRIMARY KEY (id);


--
-- Name: django_content_type django_content_type_app_label_model_76bd3d3b_uniq; Type: CONSTRAINT; Schema: public; Owner: postgres
--

ALTER TABLE ONLY public.django_content_type
    ADD CONSTRAINT django_content_type_app_label_model_76bd3d3b_uniq UNIQUE (app_label, model);


--
-- Name: django_content_type django_content_type_pkey; Type: CONSTRAINT; Schema: public; Owner: postgres
--

ALTER TABLE ONLY public.django_content_type
    ADD CONSTRAINT django_content_type_pkey PRIMARY KEY (id);


--
-- Name: django_migrations django_migrations_pkey; Type: CONSTRAINT; Schema: public; Owner: postgres
--

ALTER TABLE ONLY public.django_migrations
    ADD CONSTRAINT django_migrations_pkey PRIMARY KEY (id);


--
-- Name: django_session django_session_pkey; Type: CONSTRAINT; Schema: public; Owner: postgres
--

ALTER TABLE ONLY public.django_session
    ADD CONSTRAINT django_session_pkey PRIMARY KEY (session_key);


--
-- Name: website_department website_department_pkey; Type: CONSTRAINT; Schema: public; Owner: postgres
--

ALTER TABLE ONLY public.website_department
    ADD CONSTRAINT website_department_pkey PRIMARY KEY (id);


--
-- Name: website_heroimage website_heroimage_pkey; Type: CONSTRAINT; Schema: public; Owner: postgres
--

ALTER TABLE ONLY public.website_heroimage
    ADD CONSTRAINT website_heroimage_pkey PRIMARY KEY (id);


--
-- Name: website_news website_news_pkey; Type: CONSTRAINT; Schema: public; Owner: postgres
--

ALTER TABLE ONLY public.website_news
    ADD CONSTRAINT website_news_pkey PRIMARY KEY (id);


--
-- Name: website_news website_news_slug_key; Type: CONSTRAINT; Schema: public; Owner: postgres
--

ALTER TABLE ONLY public.website_news
    ADD CONSTRAINT website_news_slug_key UNIQUE (slug);


--
-- Name: website_statistic website_statistic_pkey; Type: CONSTRAINT; Schema: public; Owner: postgres
--

ALTER TABLE ONLY public.website_statistic
    ADD CONSTRAINT website_statistic_pkey PRIMARY KEY (id);


--
-- Name: website_testimonial website_testimonial_pkey; Type: CONSTRAINT; Schema: public; Owner: postgres
--

ALTER TABLE ONLY public.website_testimonial
    ADD CONSTRAINT website_testimonial_pkey PRIMARY KEY (id);


--
-- Name: website_tuitionfee website_tuitionfee_pkey; Type: CONSTRAINT; Schema: public; Owner: postgres
--

ALTER TABLE ONLY public.website_tuitionfee
    ADD CONSTRAINT website_tuitionfee_pkey PRIMARY KEY (id);


--
-- Name: website_vacancy website_vacancy_pkey; Type: CONSTRAINT; Schema: public; Owner: postgres
--

ALTER TABLE ONLY public.website_vacancy
    ADD CONSTRAINT website_vacancy_pkey PRIMARY KEY (id);


--
-- Name: auth_group_name_a6ea08ec_like; Type: INDEX; Schema: public; Owner: postgres
--

CREATE INDEX auth_group_name_a6ea08ec_like ON public.auth_group USING btree (name varchar_pattern_ops);


--
-- Name: auth_group_permissions_group_id_b120cbf9; Type: INDEX; Schema: public; Owner: postgres
--

CREATE INDEX auth_group_permissions_group_id_b120cbf9 ON public.auth_group_permissions USING btree (group_id);


--
-- Name: auth_group_permissions_permission_id_84c5c92e; Type: INDEX; Schema: public; Owner: postgres
--

CREATE INDEX auth_group_permissions_permission_id_84c5c92e ON public.auth_group_permissions USING btree (permission_id);


--
-- Name: auth_permission_content_type_id_2f476e4b; Type: INDEX; Schema: public; Owner: postgres
--

CREATE INDEX auth_permission_content_type_id_2f476e4b ON public.auth_permission USING btree (content_type_id);


--
-- Name: auth_user_groups_group_id_97559544; Type: INDEX; Schema: public; Owner: postgres
--

CREATE INDEX auth_user_groups_group_id_97559544 ON public.auth_user_groups USING btree (group_id);


--
-- Name: auth_user_groups_user_id_6a12ed8b; Type: INDEX; Schema: public; Owner: postgres
--

CREATE INDEX auth_user_groups_user_id_6a12ed8b ON public.auth_user_groups USING btree (user_id);


--
-- Name: auth_user_user_permissions_permission_id_1fbb5f2c; Type: INDEX; Schema: public; Owner: postgres
--

CREATE INDEX auth_user_user_permissions_permission_id_1fbb5f2c ON public.auth_user_user_permissions USING btree (permission_id);


--
-- Name: auth_user_user_permissions_user_id_a95ead1b; Type: INDEX; Schema: public; Owner: postgres
--

CREATE INDEX auth_user_user_permissions_user_id_a95ead1b ON public.auth_user_user_permissions USING btree (user_id);


--
-- Name: auth_user_username_6821ab7c_like; Type: INDEX; Schema: public; Owner: postgres
--

CREATE INDEX auth_user_username_6821ab7c_like ON public.auth_user USING btree (username varchar_pattern_ops);


--
-- Name: django_admin_log_content_type_id_c4bce8eb; Type: INDEX; Schema: public; Owner: postgres
--

CREATE INDEX django_admin_log_content_type_id_c4bce8eb ON public.django_admin_log USING btree (content_type_id);


--
-- Name: django_admin_log_user_id_c564eba6; Type: INDEX; Schema: public; Owner: postgres
--

CREATE INDEX django_admin_log_user_id_c564eba6 ON public.django_admin_log USING btree (user_id);


--
-- Name: django_session_expire_date_a5c62663; Type: INDEX; Schema: public; Owner: postgres
--

CREATE INDEX django_session_expire_date_a5c62663 ON public.django_session USING btree (expire_date);


--
-- Name: django_session_session_key_c0390e0f_like; Type: INDEX; Schema: public; Owner: postgres
--

CREATE INDEX django_session_session_key_c0390e0f_like ON public.django_session USING btree (session_key varchar_pattern_ops);


--
-- Name: website_department_created_by_id_e7f26be7; Type: INDEX; Schema: public; Owner: postgres
--

CREATE INDEX website_department_created_by_id_e7f26be7 ON public.website_department USING btree (created_by_id);


--
-- Name: website_news_author_id_794072e3; Type: INDEX; Schema: public; Owner: postgres
--

CREATE INDEX website_news_author_id_794072e3 ON public.website_news USING btree (author_id);


--
-- Name: website_news_slug_512618c4_like; Type: INDEX; Schema: public; Owner: postgres
--

CREATE INDEX website_news_slug_512618c4_like ON public.website_news USING btree (slug varchar_pattern_ops);


--
-- Name: website_statistic_created_by_id_d0086773; Type: INDEX; Schema: public; Owner: postgres
--

CREATE INDEX website_statistic_created_by_id_d0086773 ON public.website_statistic USING btree (created_by_id);


--
-- Name: website_testimonial_created_by_id_ddfca04a; Type: INDEX; Schema: public; Owner: postgres
--

CREATE INDEX website_testimonial_created_by_id_ddfca04a ON public.website_testimonial USING btree (created_by_id);


--
-- Name: website_vacancy_created_by_id_d84c112d; Type: INDEX; Schema: public; Owner: postgres
--

CREATE INDEX website_vacancy_created_by_id_d84c112d ON public.website_vacancy USING btree (created_by_id);


--
-- Name: auth_group_permissions auth_group_permissio_permission_id_84c5c92e_fk_auth_perm; Type: FK CONSTRAINT; Schema: public; Owner: postgres
--

ALTER TABLE ONLY public.auth_group_permissions
    ADD CONSTRAINT auth_group_permissio_permission_id_84c5c92e_fk_auth_perm FOREIGN KEY (permission_id) REFERENCES public.auth_permission(id) DEFERRABLE INITIALLY DEFERRED;


--
-- Name: auth_group_permissions auth_group_permissions_group_id_b120cbf9_fk_auth_group_id; Type: FK CONSTRAINT; Schema: public; Owner: postgres
--

ALTER TABLE ONLY public.auth_group_permissions
    ADD CONSTRAINT auth_group_permissions_group_id_b120cbf9_fk_auth_group_id FOREIGN KEY (group_id) REFERENCES public.auth_group(id) DEFERRABLE INITIALLY DEFERRED;


--
-- Name: auth_permission auth_permission_content_type_id_2f476e4b_fk_django_co; Type: FK CONSTRAINT; Schema: public; Owner: postgres
--

ALTER TABLE ONLY public.auth_permission
    ADD CONSTRAINT auth_permission_content_type_id_2f476e4b_fk_django_co FOREIGN KEY (content_type_id) REFERENCES public.django_content_type(id) DEFERRABLE INITIALLY DEFERRED;


--
-- Name: auth_user_groups auth_user_groups_group_id_97559544_fk_auth_group_id; Type: FK CONSTRAINT; Schema: public; Owner: postgres
--

ALTER TABLE ONLY public.auth_user_groups
    ADD CONSTRAINT auth_user_groups_group_id_97559544_fk_auth_group_id FOREIGN KEY (group_id) REFERENCES public.auth_group(id) DEFERRABLE INITIALLY DEFERRED;


--
-- Name: auth_user_groups auth_user_groups_user_id_6a12ed8b_fk_auth_user_id; Type: FK CONSTRAINT; Schema: public; Owner: postgres
--

ALTER TABLE ONLY public.auth_user_groups
    ADD CONSTRAINT auth_user_groups_user_id_6a12ed8b_fk_auth_user_id FOREIGN KEY (user_id) REFERENCES public.auth_user(id) DEFERRABLE INITIALLY DEFERRED;


--
-- Name: auth_user_user_permissions auth_user_user_permi_permission_id_1fbb5f2c_fk_auth_perm; Type: FK CONSTRAINT; Schema: public; Owner: postgres
--

ALTER TABLE ONLY public.auth_user_user_permissions
    ADD CONSTRAINT auth_user_user_permi_permission_id_1fbb5f2c_fk_auth_perm FOREIGN KEY (permission_id) REFERENCES public.auth_permission(id) DEFERRABLE INITIALLY DEFERRED;


--
-- Name: auth_user_user_permissions auth_user_user_permissions_user_id_a95ead1b_fk_auth_user_id; Type: FK CONSTRAINT; Schema: public; Owner: postgres
--

ALTER TABLE ONLY public.auth_user_user_permissions
    ADD CONSTRAINT auth_user_user_permissions_user_id_a95ead1b_fk_auth_user_id FOREIGN KEY (user_id) REFERENCES public.auth_user(id) DEFERRABLE INITIALLY DEFERRED;


--
-- Name: django_admin_log django_admin_log_content_type_id_c4bce8eb_fk_django_co; Type: FK CONSTRAINT; Schema: public; Owner: postgres
--

ALTER TABLE ONLY public.django_admin_log
    ADD CONSTRAINT django_admin_log_content_type_id_c4bce8eb_fk_django_co FOREIGN KEY (content_type_id) REFERENCES public.django_content_type(id) DEFERRABLE INITIALLY DEFERRED;


--
-- Name: django_admin_log django_admin_log_user_id_c564eba6_fk_auth_user_id; Type: FK CONSTRAINT; Schema: public; Owner: postgres
--

ALTER TABLE ONLY public.django_admin_log
    ADD CONSTRAINT django_admin_log_user_id_c564eba6_fk_auth_user_id FOREIGN KEY (user_id) REFERENCES public.auth_user(id) DEFERRABLE INITIALLY DEFERRED;


--
-- Name: website_department website_department_created_by_id_e7f26be7_fk_auth_user_id; Type: FK CONSTRAINT; Schema: public; Owner: postgres
--

ALTER TABLE ONLY public.website_department
    ADD CONSTRAINT website_department_created_by_id_e7f26be7_fk_auth_user_id FOREIGN KEY (created_by_id) REFERENCES public.auth_user(id) DEFERRABLE INITIALLY DEFERRED;


--
-- Name: website_news website_news_author_id_794072e3_fk_auth_user_id; Type: FK CONSTRAINT; Schema: public; Owner: postgres
--

ALTER TABLE ONLY public.website_news
    ADD CONSTRAINT website_news_author_id_794072e3_fk_auth_user_id FOREIGN KEY (author_id) REFERENCES public.auth_user(id) DEFERRABLE INITIALLY DEFERRED;


--
-- Name: website_statistic website_statistic_created_by_id_d0086773_fk_auth_user_id; Type: FK CONSTRAINT; Schema: public; Owner: postgres
--

ALTER TABLE ONLY public.website_statistic
    ADD CONSTRAINT website_statistic_created_by_id_d0086773_fk_auth_user_id FOREIGN KEY (created_by_id) REFERENCES public.auth_user(id) DEFERRABLE INITIALLY DEFERRED;


--
-- Name: website_testimonial website_testimonial_created_by_id_ddfca04a_fk_auth_user_id; Type: FK CONSTRAINT; Schema: public; Owner: postgres
--

ALTER TABLE ONLY public.website_testimonial
    ADD CONSTRAINT website_testimonial_created_by_id_ddfca04a_fk_auth_user_id FOREIGN KEY (created_by_id) REFERENCES public.auth_user(id) DEFERRABLE INITIALLY DEFERRED;


--
-- Name: website_vacancy website_vacancy_created_by_id_d84c112d_fk_auth_user_id; Type: FK CONSTRAINT; Schema: public; Owner: postgres
--

ALTER TABLE ONLY public.website_vacancy
    ADD CONSTRAINT website_vacancy_created_by_id_d84c112d_fk_auth_user_id FOREIGN KEY (created_by_id) REFERENCES public.auth_user(id) DEFERRABLE INITIALLY DEFERRED;


--
-- PostgreSQL database dump complete
--

